old,new
1948-03-25_JUD_01,1948-03-25_JUD_01_PO
1949-04-09_JUD_01,1949-04-09_JUD_01_ME
1949-12-15_JUD_01,1949-12-15_JUD_01_CO
1951-12-18_JUD_01,1951-12-18_JUD_01_ME
1950-11-20_JUD_01,1950-11-20_JUD_01_ME
1952-08-27_JUD_01,1952-08-27_JUD_01_ME
1950-11-27_JUD_01,1950-11-27_JUD_01_ME
1951-06-13_JUD_01,1951-06-13_JUD_01_ME
1952-07-01_JUD_01,1952-07-01_JUD_01_PO
1953-05-19_JUD_01,1953-05-19_JUD_01_ME
1952-07-22_JUD_01,1952-07-22_JUD_01_PO
1953-11-17_JUD_01,1953-11-17_JUD_01_ME
1953-11-18_JUD_01,1953-11-18_JUD_01_PO
1955-04-06_JUD_01,1955-04-06_JUD_01_ME
1954-06-15_JUD_01,1954-06-15_JUD_01_PO
1957-07-06_JUD_01,1957-07-06_JUD_01_PO
1957-11-26_JUD_01,1957-11-26_JUD_01_PO
1960-04-12_JUD_01,1960-04-12_JUD_01_ME
1958-11-28_JUD_01,1958-11-28_JUD_01_ME
1959-03-21_JUD_01,1959-03-21_JUD_01_PO
1959-05-26_JUD_01,1959-05-26_JUD_01_PO
1959-06-20_JUD_01,1959-06-20_JUD_01_ME
1960-11-18_JUD_01,1960-11-18_JUD_01_ME
1961-05-26_JUD_01,1961-05-26_JUD_01_PO
1962-06-15_JUD_01,1962-06-15_JUD_01_ME
1962-12-21_JUD_01,1962-12-21_JUD_01_PO
1966-07-18_JUD_01,1966-07-18_JUD_01_ME
1962-12-21_JUD_01,1962-12-21_JUD_01_PO
1966-07-18_JUD_01,1966-07-18_JUD_01_ME
1963-12-02_JUD_01,1963-12-02_JUD_01_PO
1964-07-24_JUD_01,1964-07-24_JUD_01_PO
1970-02-05_JUD_01,1970-02-05_JUD_01_ME
1969-02-20_JUD_01,1969-02-20_JUD_01_ME
1969-02-20_JUD_01,1969-02-20_JUD_01_ME
1972-08-18_JUD_01,1972-08-18_JUD_01_ME
1973-02-02_JUD_01,1973-02-02_JUD_01_PO
1974-07-25_JUD_01,1974-07-25_JUD_01_ME
1973-02-02_JUD_01,1973-02-02_JUD_01_PO
1974-07-25_JUD_01,1974-07-25_JUD_01_ME
1974-12-20_JUD_01,1974-12-20_JUD_01_ME
1974-12-20_JUD_01,1974-12-20_JUD_01_ME
1978-12-19_JUD_01,1978-12-19_JUD_01_PO
1981-04-14_JUD_01,1981-04-14_JUD_01_IN
1982-02-24_JUD_01,1982-02-24_JUD_01_ME
1980-05-24_JUD_01,1980-05-24_JUD_01_ME
1984-10-12_JUD_01,1984-10-12_JUD_01_ME
1984-03-21_JUD_01,1984-03-21_JUD_01_IN
1985-06-03_JUD_01,1985-06-03_JUD_01_ME
1986-12-22_JUD_01,1986-12-22_JUD_01_ME
1984-11-26_JUD_01,1984-11-26_JUD_01_PO
1986-06-27_JUD_01,1986-06-27_JUD_01_ME
1985-12-10_JUD_01,1985-12-10_JUD_01_ME
1988-12-20_JUD_01,1988-12-20_JUD_01_PO
1990-09-13_JUD_01,1990-09-13_JUD_01_IN
1992-09-11_JUD_01,1992-09-11_JUD_01_ME
1989-07-20_JUD_01,1989-07-20_JUD_01_ME
1993-06-14_JUD_01,1993-06-14_JUD_01_ME
1992-06-26_JUD_01,1992-06-26_JUD_01_PO
1991-11-12_JUD_01,1991-11-12_JUD_01_ME
1994-02-03_JUD_01,1994-02-03_JUD_01_ME
1995-06-30_JUD_01,1995-06-30_JUD_01_PO
1994-07-01_JUD_01,1994-07-01_JUD_01_PO
1995-02-15_JUD_01,1995-02-15_JUD_01_PO
2001-03-16_JUD_01,2001-03-16_JUD_01_ME
1998-02-27_JUD_01,1998-02-27_JUD_01_PO
1998-02-27_JUD_01,1998-02-27_JUD_01_PO
1996-12-12_JUD_01,1996-12-12_JUD_01_PO
2003-11-06_JUD_01,2003-11-06_JUD_01_ME
1996-07-11_JUD_01,1996-07-11_JUD_01_PO
2007-02-26_JUD_01,2007-02-26_JUD_01_ME
1997-09-25_JUD_01,1997-09-25_JUD_01_ME
1998-06-11_JUD_01,1998-06-11_JUD_01_PO
2002-10-10_JUD_01,2002-10-10_JUD_01_ME
1998-12-04_JUD_01,1998-12-04_JUD_01_PO
1999-12-13_JUD_01,1999-12-13_JUD_01_ME
1999-03-25_JUD_01,1999-03-25_JUD_01_PO
2001-10-23_JUD_01,2001-10-23_JUD_01_IN
2002-12-17_JUD_01,2002-12-17_JUD_01_ME
2007-05-24_JUD_01,2007-05-24_JUD_01_PO
2010-11-30_JUD_01,2010-11-30_JUD_01_ME
2012-06-19_JUD_01,2012-06-19_JUD_01_CO
2001-06-27_JUD_01,2001-06-27_JUD_01_ME
2004-12-15_JUD_01,2004-12-15_JUD_01_PO
2004-12-15_JUD_01,2004-12-15_JUD_01_PO
2004-12-15_JUD_01,2004-12-15_JUD_01_PO
2004-12-15_JUD_01,2004-12-15_JUD_01_PO
2004-12-15_JUD_01,2004-12-15_JUD_01_PO
2004-12-15_JUD_01,2004-12-15_JUD_01_PO
2004-12-15_JUD_01,2004-12-15_JUD_01_PO
2004-12-15_JUD_01,2004-12-15_JUD_01_PO
2005-12-19_JUD_01,2005-12-19_JUD_01_ME
2008-11-18_JUD_01,2008-11-18_JUD_01_PO
2015-02-03_JUD_01,2015-02-03_JUD_01_ME
2000-06-21_JUD_01,2000-06-21_JUD_01_PO
2007-10-08_JUD_01,2007-10-08_JUD_01_ME
2002-02-14_JUD_01,2002-02-14_JUD_01_ME
2003-02-03_JUD_01,2003-02-03_JUD_01_ME
2005-02-10_JUD_01,2005-02-10_JUD_01_PO
2007-12-13_JUD_01,2007-12-13_JUD_01_PO
2011-05-04_JUD_01,2011-05-04_JUD_01_IN
2011-05-04_JUD_02,2011-05-04_JUD_02_IN
2012-11-19_JUD_01,2012-11-19_JUD_01_ME
2005-07-12_JUD_01,2005-07-12_JUD_01_ME
2006-02-03_JUD_01,2006-02-03_JUD_01_PO
2003-12-18_JUD_01,2003-12-18_JUD_01_ME
2004-03-31_JUD_01,2004-03-31_JUD_01_ME
2008-05-23_JUD_01,2008-05-23_JUD_01_ME
2009-02-03_JUD_01,2009-02-03_JUD_01_ME
2009-07-13_JUD_01,2009-07-13_JUD_01_ME
2010-04-20_JUD_01,2010-04-20_JUD_01_ME
2008-06-04_JUD_01,2008-06-04_JUD_01_ME
2014-01-27_JUD_01,2014-01-27_JUD_01_ME
2009-01-19_JUD_01,2009-01-19_JUD_01_ME
2011-04-01_JUD_01,2011-04-01_JUD_01_PO
2011-12-05_JUD_01,2011-12-05_JUD_01_ME
2012-02-03_JUD_01,2012-02-03_JUD_01_ME
2012-07-20_JUD_01,2012-07-20_JUD_01_ME
2014-03-31_JUD_01,2014-03-31_JUD_01_ME
2013-04-16_JUD_01,2013-04-16_JUD_01_ME
2015-12-16_JUD_01,2015-12-16_JUD_01_ME
2018-02-02_JUD_01,2018-02-02_JUD_01_CO
2013-11-11_JUD_01,2013-11-11_JUD_01_ME
2015-12-16_JUD_01,2015-12-16_JUD_01_ME
2015-09-24_JUD_01,2015-09-24_JUD_01_PO
2018-10-01_JUD_01,2018-10-01_JUD_01_ME
2016-03-17_JUD_01,2016-03-17_JUD_01_PO
2016-03-17_JUD_01,2016-03-17_JUD_01_PO
2018-02-02_JUD_01,2018-02-02_JUD_01_ME
2016-10-05_JUD_01,2016-10-05_JUD_01_PO
2016-10-05_JUD_01,2016-10-05_JUD_01_PO
2016-10-05_JUD_01,2016-10-05_JUD_01_PO
2017-02-02_JUD_01,2017-02-02_JUD_01_PO
2018-06-06_JUD_01,2018-06-06_JUD_01_PO
2020-12-11_JUD_01,2020-12-11_JUD_01_ME
2019-02-13_JUD_01,2019-02-13_JUD_01_PO
2018-02-02_JUD_01,2018-02-02_JUD_01_ME
2019-11-08_JUD_01,2019-11-08_JUD_01_PO
2019-07-17_JUD_01,2019-07-17_JUD_01_ME
2020-12-18_JUD_01,2020-12-18_JUD_01_PO
2021-02-04_JUD_01,2021-02-04_JUD_01_PO
2020-07-14_JUD_01,2020-07-14_JUD_01_ME
2020-07-14_JUD_01,2020-07-14_JUD_01_ME
2021-02-03_JUD_01,2021-02-03_JUD_01_PO
